Campaign,Ad Group,Keyword,Match Type
szempilla_V2.0,Szempilla lifting,szempilla lifting,Phrase
szempilla_V2.0,Szempilla lifting,szempilla lifting zugló,Phrase
szempilla_V2.0,Szempilla lifting,szempilla lifting budapest,Phrase
szempilla_V2.0,Szempilla lifting,szempilla lifting ár,Phrase
szempilla_V2.0,Szempilla lifting,szempilla lifting árak,Phrase
szempilla_V2.0,Szempilla lifting,lash lift zugló,Phrase
szempilla_V2.0,Szempilla lifting,szempilla lifting 14. kerület,Phrase
szempilla_V2.0,Szempilla lifting,szempilla lifting,Exact
szempilla_V2.0,Szempilla lifting,szempilla lifting zugló,Exact
szempilla_V2.0,Szemöldök laminálás,szemöldök laminálás,Phrase
szempilla_V2.0,Szemöldök laminálás,szemöldök laminálás zugló,Phrase
szempilla_V2.0,Szemöldök laminálás,szemöldök laminálás budapest,Phrase
szempilla_V2.0,Szemöldök laminálás,szemöldök laminálás ár,Phrase
szempilla_V2.0,Szemöldök laminálás,brow lamination zugló,Phrase
szempilla_V2.0,Szemöldök laminálás,szemöldök laminálás 14. kerület,Phrase
szempilla_V2.0,Szemöldök laminálás,szemöldök laminálás,Exact
szempilla_V2.0,Kombó Teljes Tekintet,szempilla lifting szemöldök laminálás,Phrase
szempilla_V2.0,Kombó Teljes Tekintet,szempilla és szemöldök,Phrase
szempilla_V2.0,Kombó Teljes Tekintet,pilla és szemöldök csomag,Phrase
szempilla_V2.0,Kombó Teljes Tekintet,szempilla szemöldök együtt,Phrase
szempilla_V2.0,Festés (opcionális),szempilla festés zugló,Phrase
szempilla_V2.0,Festés (opcionális),szemöldök festés zugló,Phrase
szempilla_V2.0,Festés (opcionális),szempilla festés ár,Phrase
