Campaign,Keyword,Match Type
Sminkes_Kampany,tanfolyam,Broad
Sminkes_Kampany,képzés,Broad
Sminkes_Kampany,oktatás,Broad
Sminkes_Kampany,oktató,Broad
Sminkes_Kampany,workshop,Broad
Sminkes_Kampany,iskola,Broad
Sminkes_Kampany,okj,Broad
Sminkes_Kampany,suli,Broad
Sminkes_Kampany,szakma,Broad
Sminkes_Kampany,önsmink,Broad
Sminkes_Kampany,tanulni,Broad
Sminkes_Kampany,állás,Broad
Sminkes_Kampany,ecset,Broad
Sminkes_Kampany,készlet,Broad
Sminkes_Kampany,szett,Broad
Sminkes_Kampany,paletta,Broad
Sminkes_Kampany,alapozó,Broad
Sminkes_Kampany,szájfény,Broad
Sminkes_Kampany,rúzs,Broad
Sminkes_Kampany,szemhéjfesték,Broad
Sminkes_Kampany,szempillaspirál,Broad
Sminkes_Kampany,ceruza,Broad
Sminkes_Kampany,púder,Broad
Sminkes_Kampany,highlighter,Broad
Sminkes_Kampany,primer,Broad
Sminkes_Kampany,korrektor,Broad
Sminkes_Kampany,szivacs,Broad
Sminkes_Kampany,táska,Broad
Sminkes_Kampany,bőrönd,Broad
Sminkes_Kampany,doboz,Broad
Sminkes_Kampany,láda,Broad
Sminkes_Kampany,neszeszer,Broad
Sminkes_Kampany,tükör,Broad
Sminkes_Kampany,szék,Broad
Sminkes_Kampany,tartó,Broad
Sminkes_Kampany,adventi,Broad
Sminkes_Kampany,kalendárium,Broad
Sminkes_Kampany,naptár,Broad
Sminkes_Kampany,ajándék,Broad
Sminkes_Kampany,termék,Broad
Sminkes_Kampany,webshop,Broad
Sminkes_Kampany,vásárlás,Broad
Sminkes_Kampany,rendelés,Broad
Sminkes_Kampany,olcsó,Broad
Sminkes_Kampany,ingyen,Broad
Sminkes_Kampany,akció,Broad
Sminkes_Kampany,mac,Broad
Sminkes_Kampany,nyx,Broad
Sminkes_Kampany,kiko,Broad
Sminkes_Kampany,douglas,Broad
Sminkes_Kampany,notino,Broad
Sminkes_Kampany,maybelline,Broad
Sminkes_Kampany,loreal,Broad
Sminkes_Kampany,bobbi brown,Broad
Sminkes_Kampany,morphe,Broad
Sminkes_Kampany,smashbox,Broad
Sminkes_Kampany,estée lauder,Broad
Sminkes_Kampany,chanel,Broad
Sminkes_Kampany,kryolan,Broad
Sminkes_Kampany,catrice,Broad
Sminkes_Kampany,rossmann,Broad
Sminkes_Kampany,házilag,Broad
Sminkes_Kampany,otthon,Broad
Sminkes_Kampany,otthoni,Broad
Sminkes_Kampany,lépésről lépésre,Phrase
Sminkes_Kampany,hogyan,Broad
Sminkes_Kampany,magamnak,Broad
Sminkes_Kampany,saját magam,Phrase
Sminkes_Kampany,tutorial,Broad
Sminkes_Kampany,youtube,Broad
Sminkes_Kampany,videó,Broad
Sminkes_Kampany,könyv,Broad
Sminkes_Kampany,idézet,Broad
Sminkes_Kampany,alapjai,Broad
Sminkes_Kampany,halloween,Broad
Sminkes_Kampany,jelmez,Broad
Sminkes_Kampany,arcfestés,Broad
Sminkes_Kampany,gyerek,Broad
Sminkes_Kampany,cosplay,Broad
Sminkes_Kampany,gésa,Broad
Sminkes_Kampany,zombi,Broad
Sminkes_Kampany,sminktetoválás,Broad
Sminkes_Kampany,tartós smink,Phrase
Sminkes_Kampany,microblading,Broad
Sminkes_Kampany,szempilla lifting,Phrase
Sminkes_Kampany,szempilla hosszabbítás,Phrase
Sminkes_Kampany,műszempilla,Broad
Sminkes_Kampany,szemöldök laminálás,Phrase
Sminkes_Kampany,arckezelés,Broad
Sminkes_Kampany,frizura,Broad
Sminkes_Kampany,fodrász,Broad
Sminkes_Kampany,konty,Broad
Sminkes_Kampany,hajvágás,Broad
Sminkes_Kampany,debrecen,Broad
Sminkes_Kampany,szeged,Broad
Sminkes_Kampany,pécs,Broad
Sminkes_Kampany,győr,Broad
Sminkes_Kampany,miskolc,Broad
Sminkes_Kampany,kecskemét,Broad
Sminkes_Kampany,székesfehérvár,Broad
Sminkes_Kampany,nyíregyháza,Broad
Sminkes_Kampany,szolnok,Broad
Sminkes_Kampany,veszprém,Broad
Sminkes_Kampany,sopron,Broad
Sminkes_Kampany,eger,Broad
Sminkes_Kampany,siófok,Broad
Sminkes_Kampany,balaton,Broad
Sminkes_Kampany,zalaegerszeg,Broad
Sminkes_Kampany,tatabánya,Broad
Sminkes_Kampany,dunaújváros,Broad
Sminkes_Kampany,kaposvár,Broad
Sminkes_Kampany,békéscsaba,Broad
